공감누르면 7편때 애인이랑 볼수잇음  ,0
톰 크루즈가 30년째 톱스타인 이유  ,0
인랑 따위랑 비교가안돼  ,0
시사회에서 봤는데 난 이쯤되면 톰 크루즈의 한계는 진짜 어디까진지 궁금하다.  ,0
탐 크루즈가 고생하는거보니 막판엔 눈물 나올라했음. 영화비 8천원에 이렇게 보는게 미안할정도. 나 나이 먹는거보다 탐 크루즈가 나이먹는게 더 싫음. 미션임파서블 오래오래 보고싶어서. 분명 미션 클리어할거 아는데도 심장 쫄깃해지는 최고의 영화~~~~  ,0
박평식형님이 7점줬다 믿고보자  ,0
이영화는 진짜다. 아무리 평점을 깍아내리려고해도 인간인 이상 양심을 속여 깍아내릴 수는없다. 만약 깍아내린다면 그건 진짜 싸이코패스다.  ,0
"미션임파서블 앞 시리즈 하나도 안봤는데 이해할수있나요? ㅠ ㅠ 보는걸추천하면 공감, 앞 시리즈 모르면 반대 비공감 해주세요.. ㅠㅠ  ",0
야 니들 이런 헐리웃대작과 한국영화가 같은 관람료인게 정상이라고 생각하냐? 한국영화는 그냥 4000원이 적당하다.  ,0
이영화가 인랑보다 괜객이 적으면 말이되나  ,0
아니 도대체 이 형님은 못하는게 뭐야~ 암벽등반은 기본이고 하다하다 헬기조종씬까지ㅋ 시원시원하이 최고였음~ 만수무강하시고 칠순까지 미션10 갑시다!!!ㅋ  ,0
헬기 조정도 직접하고 초반에 프랑스 상공 위에서 떨어지는 장면도 직접 했다네요. 대스타 이름값 합니다. 영화를 보시면 탐크루즈가 존경스럽기까지 합니다.  ,1
시사회로 봤다. 무더위에 시원시원한 액션보고 싶으면 최고라고 생각한다.  ,0
CG가 판치는 영화계에 이 얼마나 신선한 아날로그적인 액션인가.늙어가는 톰 크루즈 보다 임파서블 씨리즈를 못 할까봐 걱정이 된다.  ,0
이 시리즈에서 만큼은 영화가 감독의 예술이 아니다.  ,0
시리즈의 최고작이다.  ,0
"최고의 액션, 노 스턴트, 시원하고 짜릿하다. 월타 gv로 봤고 강추합니다  ",0
역시 이 영화는 끝날때까지 끝난게 아니죠.  ,0
음악만으로도 설렌다...빰빰 빰빠 빰빠  빰빰빠~~~~♡♡♡♡  ,0
올해 본 영화중 최고네요  ,1
톰형의 시원한 액션 정말 맘에들고 강추합니다평점 짜게 주기로 유명한 평식이형이 7점이나 준 이유가 다 있네요  ,0
형... 미안한데 7편도 내줘야겠어요  ,0
방금보고나왔는데 아 대박 진짜 역대급 말이 안나온다 이건 극장에서 안보면 미친거다  ,0
헨리형 dc에서 애먹다가 이쪽에서오니 보기좋네♡  ,0
역시 톰크루즈다.말해서 뭐하나...  ,1
"현존 시리즈 당연 최고봉! 톰, 헨리 둘 다 너무 멋있었는데, 헨리는 그냥 미쳤다.. 카리스마가 흘러 넘쳐..  ",0
하도 입벌리고 봐서 입이 다 마름  ,0
시리즈중 최고걸작임  액션 스토리 서스펜스 메시지 빠지는거없이 완벽하게만듬 특히 크루즈형 cg없는액션시퀀스압권  ,0
톰형의 한계는 도대체 어디까지인지 궁금하다.  ,0
역대 최강 미션임파서블 시리즈중걸작입니다 인랑보시려면 이걸 보세요!!  ,0
톰 트루즈를 갈아서 만든 영화.  ,0
이게  바로 액션영화지  화장실 격투신 ㄷㄷ  ,0
톰형님 영원히 안늙었으면 좋겠다 ..  ,0
"최고였다. 두시간 반이 시간가는줄 모르고 지나갔음. 액션씬도 멋있었고, 게다가 스턴트/CG없이 맨몸액션이라는게 놀랍고, 광활한 자연을 배경으로 한 액션씬도 대박이었고, 스토리 구성도 좋았음. 배우들의 케미도 좋았고, 하나하나 매력적인 캐릭터들이었고.  ",0
톰형 싸랑해요 지금 보러갑니다  ,0
마지막 장면은 알고도 숨 죽일수 밖에 없다.  ,0
국산영화에서 절대볼수없는 스케일과 CG에 감탄할 따름입니다.  ,1
진짜 긴장감 몰입도 역대급;; 전작들 다 씹어먹음 ㅋㅋㅋ 반전 있을거 알면서도 보는데도 긴장감넘치고 반전 그이상의 뭔가가 더 있음ㅋㅋㅋ 개쩜 그냥 개쩜 세번보셈 꼭  ,0
진심 내가 공중에 매달린것 같고 내가 공중에 떠있는 것 같고 내가 암벽등반하는 것 같고 내가 드라이브 하는것 같음....소리랑 연출이 진짜 장난없이 좋음 스토리는 10점 만점임  ,0
톰형 달리기 장면 ㄷㄷ 62년생 ㄷㄷ...  ,0
톰형은 언제나 끝까지 간다!  ,0
톰형 도대체 얼마나 뛴거야ㄷㄷㄷ  ,0
안본 눈 삽니다ㅠㅠ 기억리셋해서 다시보고싶을 정도네요@@@ 처음부터 끝까지 긴장감을 놓치지 않았습니다 시리즈 중에서도 완전 최고!!! 제발 아무도 안본사람 없게해주세요 ㅠㅠㅠㅠ  ,0
그냥 잔말말고 보세요. 역대급입니다 . 이게 액션입니다. 다른영화 액션이라고 이름붙이지 마세요  ,0
아니 나 잔짜로 10점 만점에 천만점이야  ,1
"다시금 곱씹게 된 에단 헌트의 사랑, 리얼 액션으로 빚어낸 헬기 클라이맥스에 집중할 것. 3,4,5편을 보고 감상하면 더 좋습니다.  ",0
톰형의 클라쓰는 어딜가지않네ㄷㄷ  ,0
노스턴트로 촬영했다는걸 알고보니 훨씬 더 몰입되고 긴장된다  ,0
CG 덕지발라놓은 마블 보면서 이제 지루해서 잠드는 내가 크루즈 형의 액션은 여전했고 더위를 충분히 잠재울만 했다!!  ,1
"나도 점수 박하게 주는 편인데.내용도 좋았지만,톰형 액션에 감탄을 안할 수가 없더라.  ",0
뻔한걸 잘하는게 실력이다.  ,0
톰 횽아 드디어 인생영화 찍으심 끼요오오옷  ,0
오토바이 씬 대박)!!  ,0
인간적으로 이런 영화는 12000원받고인랑같은 영화는 6000원만 받자  ,0
이번 시리즈는 정말 잘만든듯.. 인정할건 인정함.  ,0
그냥 10점주고 보러감  ,0
방금보고 나왔는대  최고입니다 볼만합니다  ,0
톰 크루즈의 액션은 언제나 옳다. 봐도봐도 질리지가 않는 시원한 액션.  ,0
저는 손에 땀을 쥐며 본다는게 어떤건지 알겠습니다 비슷한 영화들이 많은데 클리쉐를 느끼게 하는 장면이 없었어요 고심하며 찍은듯 합니다 스토리는 좀 약하고 예상가능하나 그 모든걸 액션으로 만회합니다 7탄 기대하고 기다립니다  ,0
톰이  전력질주하는 모습을 보는 자체가 제일 경이롭다  ,0
이게 영화다 그저 갓갓ㄷㄷ  ,0
"영화 본 사람들은 메이킹필름도 함 보시길... 헬기씬 전부 톰이 직접 헬기 조종 배워서 조종하고, 연기하는 동시에 본인 찍고 있는 카메라 조정까지 다하는 리얼.. 낙하씬도 노CG.. 건물 뛰는 장면도 노CG...(전부 예고에 나온 장면입니다. 노스포)  ",0
톰크루즈 연봉받는이유있다  ,1
이 형 내일모레 환갑인데 미안하지만 8편까지는 찍고 바통터치하자. 첩보액션물에선 진짜 독보적이다.  ,0
최근 3년안에 본 외화중 가장 훌륭한 액션외화네 압도적이다.2시간 20분이 어떻게 간지도 모르겠다  ,0
"톰형이 진짜 목숨 걸고 찍은 무보정 액션에 경이로움을 느낌. 나이를 먹는 모습에 짠하긴 함.개연성 충만한 스토리와 배우들의 장인급 연기에, 뭣보다 다을듯말듯한 서프라이즈 로맨스(?)까지...현존 액션 영화 시리즈 가운데 단연 No.1~~^^  ",0
얼만큼 위험했어? 평소같았어 ㅋ  ,1
4Dx보고왔는데  너무 재미있게 보고왔어요  ,0
성룡 톰크루즈 이둘의액션을 지켜본시대의나는 행운아  ,0
ㅋㅋㅋ런닝맨에서 톰크루즈가 미스터리박스에 손 집어넣을때 하나도 안무섭다고 하더니 이유가 있었네요. 영화가 훨씬 더무서움; 특히 마지막 헬기씬..  ,0
"탐크루즈만 믿고 봤는데, 감독의 필모그래피를 보니 장난이 아니다. 크리스토퍼 맥쿼리 감복이 각본을 맡은영화 : 미이라, 엣지오브투모로우, 더울버린, 잭리처, 작정명발키리 그리고 무려 '유주얼 서스펙트' ㄷㄷㄷ  ",0
저는 최고라고 생각합니다. 물론 1편이 가장 좋았다고도 하지만 전 최고였습니다.  ,1
톰형님 액션연기만 봐도 만족인데 다른 배우들 연기와 화려한 볼거리들이 넘침.근데 여기서 끝이 아니고 시리즈를 정리하는듯한 마무리까지 이거 안보면 후회함  ,0
함부로 리얼액션 하지말길...이게 리얼이지 리얼  ,0
믿는 도끼에 발등 찍히지 않아 좋습니다  ,1
헬기 씬이 진짜 리얼했다  ,0
시리즈중에 제일 재밌었음. 스케일 장난아니고 손에 담쥐는 30분같은 15분이었음ㅎ  ,0
"강렬한 인트로, 가슴뛰는 BGM, 미친 스턴트액션..우리가 미션임파서블이라는 프랜차이즈에 바라는 모든 것의 집대성임 2015년에 매드맥스 분노의 도로가 있었다면 20OOO에는 미션임파서블 폴아웃이 있음 특히 마지막 전투씬에선 말그대로 손에 땀을 쥠  ",0
"6편 조차도 이리 대단한가, 다른 시리즈 영화는 엄두도 못내는 6편을  ",0
돈을 더 지불하고 싶었다. 미쳤다.  ,0
이걸 영화관에서 본건 최고의 선택이었다.  ,0
최고다 아싸 아싸아싸아싸  ,0
자고로 액션영화의 시리즈물은 이래야 된다는 걸 보여줬다.. 톰형은 늙지도 않는다..그리고 더 빨라진 거 같다..  ,0
헬기 씬이 와~~ 아이맥스로 보세요 로튼 토마토 점수가 괜히 나온게 아님. 대역이 없으니 배우놓고 그대로 찍는데 사실감 장난 아닙니다. 기존 헬리콥터 액션 다 처바름.  ,0
정강이 부러지는거 편집안했네요 알고봐서 다리 꺽이는거 보이니 ㅎ ㄷ ㄷ  하네요 ㅠㅠ  ,0
cg가 아닌 탐크루즈의 실제 연기가 극도의 몰입으로 이끌어 준다.. 전설로 길이 남을 영화  ,0
미션임파서블의 톰아저씨는 늘 기대에 부응함  ,1
항상 큰기대를 저버리지않는 시리즈.심지어 이번엔 그 기대를 넘어서네.영화 참 오지게봐왔지만  이렇게 소름  많이돋는 영화는 첨일세.톰형 수고했어요.돈많이 버세요.환갑까지 씨리즈 몰고가봅시다.  ,0
오랜만에 극장에서 엄지척 내밀었다!돈 만원도 오히려 미안한 영화역시 믿고 보는 톰 형 ~사랑해요 톰 크루즈 ~  ,0
믿고보는 톰크루즈 나이먹어도 여전히멋있네요  ,1
처음에 빰빰빠 나왔을때 소름  ,0
액션영화보다 운건 처음이네요  ,0
"요즘 점점 한국영화와 외국영화의 차이가 극명하게 드러난다...돈만,외모만,천만관객만 바라는 한국영화계는 반성해야 한다.  ",0
시리즈물의 교본이라고 하자... 존잼이고 일단 존멋이고..ㅠㅠ 테마곡 나오자마자 전율 크으으으 시리즈 정주행하고 보면 더 이해 잘됨 벗 그냥 봐도 무방. 올여름 익스트림 액션 끝판왕. 꼭 극장가서 보길!!!  ,1
와. 다음시리즈 만들어주세요. 톰크루즈 나이먹는게 왤케 시르냐 ㅠㅠ  ,0
돈주고 볼만한 가치가 았는 영화  ,0
"잘 자리잡은 시리즈, 배우들 전부 본인한테 꼭 맞는 옷을 입은듯 캐릭터에 잘 묻어냈다그 중에서도 톰 크루즈의 노련미는 단연 돋보임!!  ",0
역시 믿고보는 배우네요~너무 재밌게 봤어요  ,1
탐 형님 달리는 모습에 정말 감탄을 안할수가 없습니다존경 스럽습니다  ,1
미션시리즈 답게 톰형의 몸서리지않는 액션..박수쳐주고 싶다 ㅎㅎ이더운 여름을 식혀줄 영화 다음시리즈도 기대하겟습니다  ,1
이런 말도 안되는 모든 액션을 전부 본인이 직접하는 톰 크루즈야말로 진짜 예술작품이 아닐까싶음  ,0
믿보미(믿고보는미숀불가능)  ,1
미쳤다 진짜 대박이다처음부터 마지막 까지 스릴과 긴장을 놓을수없고 끝장나는 액션에 유머와 스케일까지아....놀이공원에서 놀이기구 탈는것보다더 짜릿함  ,0
볼거리 진짜 많네요ㆍ굿  ,0
"오프닝때 지리고, 전개에 지리고, 마무리에 쌋다.  ",0
대박이다 헬리콥터액션 대박이었음 초반에 내용좀복잡하니까 집중해서봐야됨 아니면 내용미리알고가면조음  ,0
톰크루즈 진짜 존경스럽기까지함  ,0
역시톰 톰 크루즈 믿고보는톰 재밋네요.  ,1
간만에 돈값하는 영화네요  ,1
말이 필요없다. 그냥 최고다 ㅎㅎ  ,0
역시 대단햇음 미션임파서블 특유의 쫄깃함  ,1
역시 항상  믿고보는 시리즈  ,0
이 영화보고 재미없다고 하는 사람은 앞으로 어떤 영화든지 보지마라.마음의 벽을 치고 보는 사람이라 영화 볼 자격 없다. 진짜 재밌게 봤음.  ,0
한번 더 보러가려고요 ㅎ  ,0
후손들에게 대대손손 물어줘야할 톰 아저씨의 전설  ,0
긴장감이 장난아니다. 밤 타임에 봐서 피곤한 상태였는데 영화를 보면서 잠이 확 풀리더라.  ,1
헤일로 점프에 파리시내에서 벌이는 추격전 시리즈에 빠질수 없는 톰형님 쾌속질주 높은 건물 뛰기 화장실에서 육탄전 벌이고 헬기에 매달리지 헬기도 조종하지 암벽도 오르지 진짜 올해 56세가 아닌것 처럼 보이는 톰형님 클라스  ,0
10점줘도 부족하다 100점을 주고싶다 ㅠㅠ 톰크루즈는 내 인생 배우..  ,0
보고나서 드는 생각  톰 쿠르즈 대단하다  ,0
시리즈중 최고다. 말이필요없다  ,0
재밋음진짜 믿고보는 영화인듯  ,1
평식이7점이면 닥치고봐야해  ,0
늙어가는 톰.... 점점 재밌어지는 미션시리즈...슬프네요~~ 동시대에 살아줘서 고마워요 톰^^*  ,0
액션의 비주얼이 많이 높아졌다개선문앞에서 추격씬은 압권인듯 화면의 스피드가최고인듯  ,0
탐오빠의 클라스는 영원하다!  ,1
너무 재미없는 영화만 보다가 개봉일기다렸다 냉큼보고왔어요~2시간반동안 시간이 어케갔는지 모르게 넋놓고 봤네요^^역시 톰크루즈 나이를 먹어도 짱 멋있음♥.♥  ,1
눈을 뗄수 없다. 이 정도는 돼야 시간과 돈을 투자할 맛이 나지  ,0
4DX로 보기 강추! 추격신에서 완전 스릴 만점!!!!  ,0
"후반부에 정말 짜릿했다 중간에도 흠칫할 정도로 ,,,  ",0
인랑 짓밟으러 가즈아~  ,0
보고나서 이시리즈가 마지막 시리즈가 아닐거 같아서 톰크루즈가 더 무서워졌다 도대체 어디까지 할수있는거야  ,0
지구포함 전 우주는 어벤져스가 지키고 우리가 살고있는 지구 내에서는 톰크루즈가 지킬것 같은 기분 나만 그런가  ,0
프로 내한러의 극한 액션  ,0
어벤져스보다 재미있습니다. 최고입니다~  ,0
정말 존경스럽고 경의로운 탐크루즈♡  ,0
톰크루즈..진짜 대단하심bb  ,0
빰.빰.빠밤 빰.빰빠밤은 10년이지나도 개좋냐  ,0
진짜 2시간 반동안 한시도 지루할 틈이 없었다. 갠히 6편까지 이어올수있는게 아님  ,0
톰아저씨 건강하세요!!!!계속 부탁해요!!!!  ,1
진짜 주저리 주저리 설명 없어 그냥 역대급.  ,0
정말 액션씬 최고였습니다. 이건 10점 만점에 10점입니다.ㅎㅎㅎ  ,0
한번도 지루할 틈 없었고 연출에 스토리에  시리즈 전체가 다 훌륭한 유일한 시리즈인듯  ,0
이럴땐 박평식이 형님이냐? ㅋㅋㅋ 이중인격자들 졸 많음 ㅉㅉ  ,0
미션 임파서블 시리즈 중에 제일 재밌다  ,0
"난 이제껏 거의 cg인줄 알았는데,,배우라는 말보단 장인정신이라 해야할까인터뷰 보니 더 잘 이해가 되고 배워야할 마인드다.영화에서 리얼을 보다니 충격적이었고.. 탐크루즈 자체가 미션임파서블 인듯.. 정말 대단하고 경이롭다. 존경!  ",0
재밌음 더위날리는 시원한 영화네요.  ,1
개개개개꾸르르르를잼10번봅시다  ,1
개레전드입니다 인랑따위랑 비교가 안다  ,0
하 그냥 그냥 보세요 제발 세상사람들아 제발 이 영화 봐주세요 제발요ㅠㅠㅠㅠ  ,0
솔직히 .. 재밌게 봤어요 ㅋㅋ  ,1
솔직히 또 보고 싶다~~~~  ,0
액션은 진짜 전부 리얼....시선을 뗄 수가 없었음  ,1
내가 본 영화중에 최고작. 톰형 늙는게 아깝다.  ,0
톰크루즈는 대체불가 배우  ,1
국산 영화는 가격 내려라ㅡㅡ 이게 영화다  ,0
영화관에어컨고장나서 고문받는것처럼 영화봤다..그래도 컨플레인못걸어따...재밋어서..  ,0
좀 식상하긴 하지만 극장비가 아깝지는 않음  ,0
톰크루즈 존경하게 되었고요.. 헨리카빌 완전 섹시함  ,0
그냥 최고다 말이 필요없다  ,0
액션영화가 지적이고 세련되어졌어. 관객이 끌려올수밖에 없도록 시종일관 긴장감을 놓치 못하도록 연출적 장치를 잘 짜놓았다. 액션영화를  이렇게 지능적으로 만든 영화는 못봤다. 감독에게 찬사를 보내고 싶다.  ,0
믿고 보는 톰형  영화~  이번엔 더 재밌다  ,0
진짜 한국영화 못보겠음..ㅜ  ,0
역시 믿고 보는 톰형이었네요  ,1
와 56세;;; 진짜 멋있다.  ,0
시간가는줄 몰랏음 미션7도 기대댑니다  ,0
올해 본 액션영화 중 최고  ,1
액션이 너무 쩔어서 내용보다 와 씨 이걸 어케 찍은거지 생각만하다가 영화끝남요원 안하고 사는 내가 인생을 시시하게 사는거같다 줄리아와 브로커가 너무 이쁘더라 끝  ,0
솔직히 다 알고보는데도 이 점수가 나오니 대단하다  ,1
오토바이씬이 쵝오 !!!직접 연기 했다니 언빌리버블 !!!  ,1
재미 있고 스릴만점에 소리도 지를정도 ㅎㅎ  ,1
cg들끼리 싸우는건 이제 그만. 이것이 진정 고생액션의 참맛. 언제나 몸사리지않는 리얼액션을 보여주는 톰형에게 찬사를! 젠틀하고 터프한 톰형의 멋짐은 아직도 유효하다.  ,0
미션시리즈 중 단연 쵝오. 와 어마어마 합니다. 탐 쵝고네요  ,0
"톰크루즈와 사이먼 페그, 빙 라베스, 레베카 퍼거슨 의 팀플레이가 돋보이는 영화의  재미가 절대 죽지 않는 이유  ",0
이거 보기전에 5편 다시보길 잘한듯...왠만해서 영화 두번 안보는데 이번꺼는 또 볼 의향있음 그냥 개쩜 2시간 반 순삭  ,0
이래서 탑크루즈 탑크루즈 하는구나  ,1
이번편에서 왜 톰크루즈가 최고인지를 알게 되실거에요. 존경을 표합니다.  ,1
톰 크루즈는 시리즈 아직 몇 번 더 충분히 가능할거 같다. 몸을 사리지 않는 액션.. 거의 대역없이 소화했다고 들었는데.. 정말 보면서 감탄을 금치 못함.. 자동차 추격신도 진짜 최고..  ,0
탐크루즈 아직 살아있네요  ,1
시간이 순식간에 지나갔어요! 보는내내 흥미진진하고 요원들 일사언니 다들 매력뿜뿜^^ 나이먹어도 태가 다른 톰오라방은 말할필요도 없고 여름블록버스터영화로 최곱니다! 아맥에서 또 보고싶어요^^  ,1
존경스럽다 미친영화다 기가차서 고개를 저은 액션이 한두번이 아니다 ㅋㅋㅋ너무 대단해서 액션하나끝나면 다들 ㅋㅋㅋ와 ㅋㅋㅋㅋ  ,0
역대급입니다..2시간 반이 그냥 흘러갑니다. 감독의 연출력이 정말 중요함을 세삼 느낍니다.  ,0
이쯤되면 미션 임파서블도 전설이다. 진짜 믿고 본다.  ,0
탐크루즈는 역시 잘생겼군요  ,1
진심 재밌따.. 난 결심했어.. 또또또 봐야겠다고~^^  ,0
인랑과 비교할수 없는 작품이다....진짜 액션은 손에 땀을쥐게하고 잠깐 잠깐에 로맨스도 인랑보다 훨씬 좋았다.특히 레베카 퍼거슨 얼굴만 보이드라..ㅋㅋ  ,0
톰형은오늘만 살것같이 영화를 찍음  ,0
액션 짱 멋있어요~! 장난아님  ,1
"톰 크루즈의 연기가 최고이고, 사운드 역시 최고입니다.  ",1
"당연 4편이 최고지만, 5편보다 6편이 더 재밌다 결론은 다 재밌다는 얘기  ",0
본 시리즈와는 다른 색감의 스파이 액션물에 바치는 경의. 그리고 영화배우 톰 크루즈에게 바치는 경의.  ,0
50대후반인 톰크루즈의 건재한 액션을 보고 감탄했습니다. 투철한 직업정신이 만든 발군의 정신력이라 생각합니다. 후반으로 갈수록 반전을 거듭하는 탄탄한 서사는 흥미진진 했습니다. 생각없이 갔다가 빠져든 영화!!!  ,1
진짜 29년살면서 평판 처음남겨보네요..영화보다가 톰크루즈액션만큼이나 리액션하며 봤습니다ㅋ  ,0
친구랑 영화보면서 먹자고 과자 가져갔는데 엔딩크레딧 끝나고서야 생각났습니다...2시간30분동안 휘몰아치는 액션 하나만으로도 이미 예술이라고 생각되네요  ,1
"이제는 달리는 걸 보는 게 너무나 안타까운 나이의 톰이 되었지만, 같은 나잇대로 살아온 나에게 그래도 너는 여전히 영웅이다. 약간의 아쉬움은 있는 영화지만, 이제 톰의 마지막 주연 시리즈가 될 것 같은 아쉬움에 만점을 준다. 고마웠다. 톰.  ",0
말이 필요없다...긴장감과 액션은 말할 것도 없고 통수의 통수의 통수 시리즈중 스토리가 최고다 첩보물의 완벽한 귀환. 톰형 클라스를 증명해주는 헬기 씬이 압권이다  ,0
너무 잼나게 봤네욤.액션이 장난아님.특히 오토바이 추격신이나 헬기신~~~마지막까지 긴장감  대박~~^^  ,0
"미션 임파서블 시리즈 영화 중 젤재밌다고 느꺼지는건 한결같지만 이번 6  는 진짜 역대급이다내용,액션 모든게최고였고 사람 똥줄타게하는 짜릿한 액션 크~~~~  꼭보세요 진짜 강추!특히 후반 , 헬기 액션신은 최고입니다 ㅎㅎ  ",0
톰형 별점 10점 가즈아~~~~ 영화 대존잼 터져버렸다~~~~!!!!  ,0
항상 시간 가는줄 모르고 보는 영화  ,1
미션시리즈중 개인적으로3편을좋아하는데 이거보고바뀜 4d로못본게아쉽네!!!!  ,0
방금 조조로 보고 나왔는데  진짜 재미있네요.  개인적으로 마블과는 또 다른게... 뭔가 인간적이다 해야할까jQuery22409492792343516903_1532659114848? 진짜 액션 죽여주네요.  ,0
배경 음악만으로 가슴 뛰게 하는 유일한 영화! 다 보고 나면 대단하다는 말 밖에 안 나오는 영화!  ,0
외화지만 같은 날 개봉한 불량국산 영화보다 훨씬 정신건강에 좋습니다.  ,0
최선을 다하는 배우의 연기에  공감이 됩니다  ,1
"영화 자체가 미션임파서블, 어떻게 이렇게까지 찍을 수 있는지, 대단하다.  ",0
시즌이 6이나 됐는데 넘나 독보적임. 진짜 믿고 볼 수 밖에 없다. CG가 거의 없는 쌩 액션 그게 바로 액션팬들이 원하는 것  ,0
톰 형님..달리기  20분..오토바이 20분..자동차 20분..핵폭탄은 1초남기고 off...헬기 20분 추가..다음편은 언제나 나올려나...ㅠ  ,0
그냥 톰크루즈가 더 이상 안늙었음 좋겠다. 그가 나오는 미션  시리즈 계속계속 보고싶다.  ,0
마블 영웅들처럼 특별한 능력이 있는 것도 아니고.. 일반 사람이라 더 쫄깃하다!! 4dx로 봤는데 최고 ㅋㅋ 돈 아깝지 않아  ,0
언제 2시간이 흘러갔는지 모르겠다  ,1
난생 처음으로 한번더 보고싶은 영화  ,0
너무 재밌어요 씨지겠거니 한 장면도 씨지가 아니였다니 대단하네요/..!!  ,1
톰 크루즈가 이런게 진짜 블록버스터다라고 말하는 느낌. 말이 필요없다.전설로 남을 시리즈!  ,0
크으 톰크루즈는 톰크루즈였다  ,0
톰크루즈의 열연과 액션씬만으로도 9점을 줄 수 있다.  ,0
믿고 보는 갓크루즈. 오토바이 엔진소리가 아직도 귓가에서 심장을 뛰게 만드네요.  ,0
4DX로 보길 잘했다. 역시 톰크루즈 기대한 만큼 꿀잼  ,0
초반에 지루한 감이 있지만 갈수록 액션스케일이 커져요 ㅋㅋ 스케일로만봐선 역대급!  ,1
‘그는 오늘도 달린다.’  ,0
방금보고왔는데 한국 연출력과 기술력이 언제쯤 따라갈수있을까라는 의문을남긴다..  ,0
지금까지의 미션임파서블중 최고~~압도적인 액션과 치밀한 스토리~~  ,1
액션짱입니다!! 넘재밌어옇ㅎㅎㅎ  ,0
톰크루즈 형님은 안늙고 계속 시리즈 만들어 주셨음 좋겠다...ㅋㅋ  ,0
이게 재미없다는 사람은 뇌가 정상이냐?  ,0
 CG가 아닌 날것의 생생한 영상미도 좋구 긴장감 잃지 않으면서 첩보물의 새로운 시리즈를 또 갱신하시는 톰크루즈님께 박수를! 정통첩보물의 현대적 재탄생~~~  ,0
진짜  최고입니다  !!  미션  7 도  만들었으면! ㅎㅎ  ,0
톰 크루즈형 진짜 극한직업 하시는것 같다  ,0
톰 아저씨는 어벤져스 에 들어가야함.세계인구의 1/3을 또구함.  ,0
"이 영화의 배경음악은 영화를 보기 전과 후, 확연히 다르게 느껴진다  ",0
한번 더 보고 싶은 영화 다시 한번 봐야겠어요  ,0
돈이 안 아까웠다 보고 와서 시리즈 전편 돈내고 소장용으로 다 다운받음  ,0
이거보고 잠이 왔다고 차라리 신과함께를 보라는 알바는 대체 뭐야 ㅋㅋㅋ 비교할걸 비교해 좀... 너무 했다 싶지 않나? 이거보고 잠왓으면 신과함께는 딥슬립해서 코골겟네..  ,0
명불허전임. 톰형 진짜 이렇게 몸안사려도 되나 모르겠다.  ,0
역대급 액션&gt;~&lt; 톰크루즈라서 가능한 영화  ,1
57세톰크루즈액션연기를 더오래보고싶어지게만드는 폴아웃! 이전 미션임파서블보다 위험하고 리얼한 장면장면들이 말로 표현못하게 훌륭하다. 아마도 미션임파서블중 최고로 재미있지않을까싶다 카메라각도 훌륭하고 내게없던 활력을준영화! 정말 이것이 영화다 작품이다.  ,0
대박임 완전톰형 액션은 굿 ㅠㅠ  ,0
역시 탐오빠♡♡♡믿고보는 탐크루즈~^^  ,0
헨리카벨의 무게감이 살짝 아쉬웠지만 나이를 잊는 톰크루즈의 액션은 역시나 대단하네요.시리즈 최초(?) 전편의 스토리가 이어지는점도 좋았습니다.  ,0
간만에 진짜재미난영화봤네요ㅎㅎ 톰 크루즈..자기관리 어떻게 하기에 그런 멋진 액션들이 가능한지..정말 대단하다 대단해 !!  ,0
인랑 보세요. 앤트맨 보세요.미션임파서블 먼저보면 다른 영화 못봅니다ㅠㅠ역대 최고의 영화입니다.  ,0
어벤져스보다 더 잼있다  ,0
자본과 기술이 뒷받침 되었겠으나 진정 목숨걸고 찍은 영화  ,1
톰크루즈에게 경외의 박수를...  ,0
액션은 이거다! 톰형이 몸소 보여줌.... 아참 화이트위도우 이뻐요 집에와서 누군지 찾아봄  ,0
역시 니이가 많아도 연기는일폼  ,1
어떻게 시리즈를 거듭할수록 더 재밌어지지? 영화관이 덥다고 느껴질 정도로 긴장되는 순간이 한 두번이 아녔음  ,0
"스펙타클, 서스펜스의 정석지루할틈이 없고 2시간 내내 차가운 공기속에서 땀방울을 흘렸다  ",0
톰크루즈가 왜 대단한지 느끼게해주는 편이였습니다!  ,1
날것의 액션 나이가들어가는 주인공이 느껴진다  ,0
톰 아저씨  짱이에요!♡톰 아저씨   사랑해요.다음  작품도  부탁해용!  ,1
졸잼입니당 꼭보세요ㅠㅠ  ,1
나이생각못하게하는 액션신♥  ,1
역대 최고네요~보는 내내 조마조마~Perfect~  ,1
런닝타임보고기절할뻔한마누라가영화끝나고나니까시간가는줄몰랐다네요ㅋㅋ  ,0
초심자도 재밌게봤어요  ,0
초반에 끓어오르는건 약한데 후반갈수록 펄펄 끓어오른다 한층 더 업그레이드된 액션 나이를 잊게만드는 톰형 짱짱맨  ,0
와 대박이네 ㄷㄷ 다음 미션도 궁금함!!!  ,1
톰크루즈의 스릴넘치는 액션연기로 두시간 이십칠분이 순식간에 없어졌다.  ,1
역시 톰아저씨.!믿고보셔도 됩니다.  ,1
Very goodVery very good  ,1
대역을 쓰지 않고 실제 액션을 소화한 톰크루즈옹의 열정에 경의를....  ,0
이제 나이도 있으신데 몸 좀 사려가면서 해주세요. 오래오래 영화에서 보고 싶습니다. 영화 보는 내내 앉아서 보는게 미안해 질 정도였어요ㅜㅜ  ,0
그냥보세요. 무슨말이 필요합니까 ?  ,0
"톰크루즈의 액션이 제일 멋있었고 ,  가끔씩 나오는 유머러스한 장면도 재미있었어요  ",0
인랑 보구있나? 이것이 영화다  ,0
와 진짜 톰 크루즈 형님이 늙지않고 계속 찍어줬음 좋겠어요 ㅠㅠㅠㅠ  ,0
한마디로 쩐다. 액션첩보물의 최고봉이 될 영화  ,0
톰 크루즈의 개고생은 오늘도 계속된다  ,1
톰크루즈는 미친 인간임. 제정신 박혔으면 저렇게 못함. 나이도 있는데 1년에 한편씩 후딱후딱 찍었으면 좋겠다.  ,0
올해의 베스트영화. 올해의 베스트 배우는 톰크루즈! 오래오래 찍어줘요ㅠㅠㅠㅠ긴장감의 연속이었고 존멋의 대잔치였다.  ,0
"대행없는 본인의 스턴트 연기였다는 걸 감안하고 보면 톰크루즈가 이 영화를 얼마나 사랑하는지 알 수 있다. 모든게 완벽했지만, 하나 아쉬운 건 작중 헌리 국장에 대한 뒷내용이 부실함. 고스트 프로토콜보다는 떨어지고, 로그네이션보다는 좀 나은 듯.  ",0
넘 잼있어요 역시 톰크루즈 ... 역시 미션~~  역대급 미션임...  ,0
탐형 팔십살까지 찍으십쇼 다 봐드림  ,1
여러분 신과함께 볼거면 차러리 이걸2번보시고 인랑 볼거면 걍 이거 3번 보세요. 미션임파서블이 훨어어ㅓ어어어엉신 재밌습니다  ,0
이런 대작을 고작 8000원 주고 볼수 있다는게 너무 미안하다 스케일 엄청남 제작비 얼마들었을지 상상도 안가고 배우들 노력도 엿보이고 안보면 바보되는영화  ,0
"임파서블한 미션이 도대체 어디까지일까 라는 생각 , 기가막혔고 오락영화는 오락영화일뿐 평가보단 즐거웠으며 된것 아닌가 !!!! 곳곳에 유머도 즐겁고 무엇보다 영화 본 후 뒤끝이 없다!!!! 완벽한 여름 휴가였음 ㅎㅎ  ",0
2시간30분이 전혀 지루하지않고 최고로 재밌음 중간중간에 코믹적인 부분도 있어서 더 좋았음  ,0
평소에 평점안남기는데 재미있습니다!!돈이 아깝지않은 영화~  ,0
톰크루즈는 톰 크루즈네요  ,0
"진짜 시간가는줄 모르고 봤음 역시 미션임파서블은 최고 ,,, 마지막 30분은 그냥  말로 표현하기 어렵다 ... 톰크루즈 감동  ",0
영화중간에 스토리로인해 살짝 루즈한데 전체적으로 몰입감이나 긴장감이 대단해요  ,1
최고의 오락영화네요. 지루하지 않고 재밌었어요  ,1
미션 임파서블도 줄거리 짱짱하고 톰 크루즈도 넘 멋있다~^^다음 내한때는 꼭 보고싶다♡  ,1
1초도 지루할 틈이 없다  ,0
다보고 이게 직접찍은 영상이었다는게 놀라움  ,0
진짜 미션임파서블은 믿고 봄  ,0
잼있더라 인랑보고 이것도 봤는데 확실히 다름역시 톰크루즈.  ,0
크으으으세월이 빗겨가는 탐 오라방 ㅋㅋㅋ 다친곳은 괜찮나 몰러  ,0
"이번 영화는 극장에서 볼만 했다. 복선 등 뻔한듯 하면서도 뻔하지 않은 전개랄까? 보여주는 단서들을 세심히 보면, 예상할수 있지만, 그게 맞아서 흥미로운. 여태 시리즈 중에 이번편이 제일 맘에 들었다. 톰 크루즈의 다이하드!  ",0
와 속도감 박진감 대박 ㅋ역시 믿고 보는 톰형  ,1
완전 최고에요!!4dx로 봤는데 너무 재밌게 잘봤어요  ,0
영화보는 내내 손톱 물어뜯었어요 거의 톰크루즈 된줄 와우  ,1
너무재밋어요 정말 추천  ,1
스릴넘치는 액션영화 지루하지도 않고  ,1
시원하고 아찔한 고공액션 그거면 충분하다  ,0
멋지다. 이 여름이 시원해 지는 영화다.  ,1
잼나용 영화관도 시원하고 장면도 시원한  ,1
시리즈중 가장 재밌게 봤네요.  ,0
역시 액션은 굿 최고입니다요~  ,0
시리즈중에 제일 최고 였던것 같습니다  ,1
20대까지 올킬해버리는 좆간지 톰쿠르즈  ,0
재밌음 여태 나온 시리즈 중 최고였음  ,0
톰크루즈는 진짜 대박이다 헨리카빌도 진짜 멋있고 이 영화는 인랑보다 관객 적으면 말이 안됄듯  ,0
와 나 다한증있는줄 첨 알았네  ,1
아무리 외국영화라지만 신과함께2 따위와 레벨이 다른 영화 상영관이 반토막 났다는게 안타깝다.개인적으로 파리 액션신이 오지는듯2d관에서 봤는데 vr체험하는줄  ,0
스토리는 물론이고 배우들의 열연 또한 상상이상! 톰크루즈는 정말 대체불가..  ,0
방금 조조로 보고 나왔는데 진짜 역대급으로 잼나고 톰 아저씨 액션 아직 죽지않았음 최고임  ,0
너무 재밌게 본영화 혼자봤지만 전혀 외롭지가 않았지.톰크루즈 나이듣고 깜놀했다. 50대가 그렇게 잘뛴다고???  ,0
오금저린 저런 장면들은 어떻게 만들어 진걸까..  ,1
아 진짜 오졌다 톰크루즈 만세만세만세  ,0
개봉 당일 심야로 보고왔어요 ㅠㅠ 최고예요 특히 마지막 30여분은 정말 넋을 놓고 보게되네요 이번이 시리즈 마지막이 아니었으면 하는 바램이 클 정도로 재밌게 봤습니다 ㅠㅜ  ,1
끝날때까지 틈을안주고 계속 재밌음 강츄  ,0
톰형 그냥 감탄! 짝짝짝  ,0
최근 5년간 본영화중에 젤 재밌어요..  ,0
믿고보는 탐 크루즈!더위를 싹 날렸어요  ,1
톰 아저씨의 한계는 어디인가?  ,0
"톰 아저씨 ,이젠 제발 스턴트 하지마요. we want you to live long!  ",0
세월이 가도 정말 멋지네요 1분 1초도 지루함없이 너무 스릴있고 재밌었습니다  ,1
잼나요 역시 짱 또보고싶어요  ,1
결론은 정해져 있지만 어쨌든 즐겁다  ,0
재밌졍  여자친구랑보면 더 재밌졍  ,1
다음 후속편도 기대되영 시간가는줄 모르고 봤네영!  ,1
상영시간이 길어서 충분한 시간적 여유를 가지고 이야기를 풀어낸 게 좋았다. 시간에 쫓겨 몰아치지 않고 영화 내내 적당한 텐션을 유지  ,0
아슬아슬 미션임파서블~  ,1
배우의 끝장 채력. 이거하나로충분  ,1
신과함께보다 왜 떨어지지 무조건보세요. 태어나서 영화관에서만봐야할영화가따로있습니다  ,0
먼저 고생한  탐 크루즈에게 박수가 나왔음 간만에 제대로된 시원한 액션영화 였음  ,1
전력으로 달리는 톰형님 보면서 마음이 찡했네요ㅠㅠ  ,1
잘 봤다는 만족감을 준다  ,0
다 좋은데 약간 아쉬운게 악역이 너무 인상이 착함 ;;  ,0
이런게 “쩐다”는 거지 이게 오지고 지린거지 탐크루즈는 레알이다 액션 씬마디 전율이ㄷㄷ이런영화는 돈이 안아깝다 할인받아 7천원에 봤는데 미안해죽겄다 같은 값의 허접한 영화들 양심없게 느껴진다는 말에도 초공감함  ,0
나쁘진않았지만 이제는 식상한느낌이 가득하다.  ,0
탐크루즈의 열연은 알겠으나 예전같지않은 액션에끝도없는 엎치락뒤치락 장면들후반 30분은 지루했다  ,1
모든 액션을 대역 없이 했다는데 아  정말대단함  ,1
갈수록 실망하지 않는 톰 형...  ,1
영화속 곳곳의 매너는 액션보다 더 기억에 남는다  ,1
와...진짜 톰크루즈 안좋아하는 여자가있을까 아저씨나인데 우리나라 젊은 남자들보다 외모 체력 등등 다 우월 ㄷㄷㄷㄷ  ,0
최고의 액션 최고의 배우  ,0
엄청 좋았음탐크루즈는 어쩜 봐도봐도 멋질까...  ,1
대단한 톰아저씨스크린에서 오래오래 봤으면 좋겠당~~  ,0
"인도 의료캠프에서 부터 몰입감 엄청납니다.여자 배우둘. 얼굴이 비슷합니다. 톰형이 엄청나다는것. 그들의 팀이 서로 믿고, 작전을 해결해 간다는거 볼만합니다. 톰크루즈는 헬기,오토바이,자동차액션, 공중 낙하 등등 총격 격투 등 종합적으로 대단합니다  ",0
폭염도 잊게하는 영화 ~!~!  ,0
톰크루즈는 영원하라!  ,0
긴 러닝타임이지만 지루할틈 없이  재미있게봤어요믿고 보는 톰형  ,0
짜임새있는 구성과 배우들의 호연 좋았습니다~톰크루즈 멋짐폭발  ,1
우리가족 4명 다 만족한 영화  ,0
톰형 부디 오래오래 건강하세요ㅠ  ,1
"인랑, 신과 함께에게 당한 배신감 탐크루즈 형님이 위로해주네!  ",0
매번 시리즈마다 느끼지만 빰빰빰빰 하면서 인트로 들을때마다 소름돋는다!  ,0
7.26 - 왕십리 IMAX 관람!! 이번거 역대급임.. 게다가 창의성 까지 겸비.. ㄷㄷ  ,0
시리즈 나올 때마다 레전드 찍는 유일한 영화. 폭염을 얼려준다. 액션에 타당성을 더해 반전까지!  ,0
역시 미션임파서블.  전편들도 다시보기해야겠음  ,1
톰 형님의 달리기 실력을 알수 있습니다  ,1
잔인하게 죽이는 장면도 없는데 스케일에 속도감에 반전에 긴장하고 심장쫄깃. 1편 4편이 최고라 생각했는데 폴아웃이 다 재끼네요. 그나저나 진짜 고생했겠다 톰오빠...사실 영화보다 톰오빠 얼굴이 더 화려하긴하지..ㅎ  ,0
걍 보셈 말이 필요없음.   러브라인도 추가되서 더재미있음.  ,0
이제 이단헌트가 몰 거 우주선밖에 안 남은 것 같아요 ...  ,1
톰 크루즈 목숨 몇개임...도대체가...미임파 시리즈 끝판왕인듯.... 기억 지우고 다시보고싶다...  ,1
개인적으로 초반화장실전투씬은 내 인생 영화상 최고의 전투 씬이다.  ,0
최곱니다 액션 추격신은 역대급  ,0
긴장감 역대급이었네요. 아직도 심장이 뜁니다. 추천!!  ,1
이건 뭐 말이 필요없다 최고다마지막 절벽씬 실화냐?쫄깃쫄깃  ,0
와.. 진짜 2시간 넘게 롤러코스터를 타는 느낌이었음.  ,0
4D로 보세요!!!~~  ,0
스트레스 확 날려버렸네요  ,1
액션의 끝이다. 전혀 지루하지않다  ,0
역시 톰크루즈!더위도 스트레스도 확 날렸습니다~  ,1
시퀀스 한땀한땀  지극정성 인 액션장인의 고집  ,0
아 진짜 재밋다 그냥 멋있고 톰크루즈형 하고싶은거다하세요 그냥 ...  ,0
"재미있게 잘봤어요, 톰크루즈는 나이도 있는데 관리를 정말 잘한것 같네요, 영화가 오래하기도 하고 스케일도 있고 돈이 아깝지 않네요^^  ",1
진짜 이거 영화관에서 안보면 후회할거야 역대급 미션이다 후 ㅠ 살아생전에 톰형 한번만 보면 여한이 없겠다 ㅠ  ,0
톰형님 곧 환갑이신데 미친듯이 뛰고 구른다. 이제 시리즈로 보다보니 존경을 넘어 경외심이 생긴다. 정말 “열심히” 그리고 잘 만든 영화. 액션도 쫄깃쫄깃  ,1
실망시키지 않네요~^^  ,1
톰형 죽지않았다. 솨라있네~  ,0
짱이에요~ 재미있고 진짜 톰클르주배우님의 한계가어디까지인지 몰르겠어요~~보면서 조마조마하면서봤습네다.  ,1
톰 형 없는 미션임파서블은 더이상 상상조차 할수없다.  ,0
톰크루즈와 미션임파서블 이 영화는 진짜 최고다 계속 볼 수 있기를  ,1
다음편이 기대됩니다무더운날 시원한 사이다한잔하고집에 온듯 합니다  ,1
아 졸잼 ㅠㅠ 재밌어서 죽을뻔했어요 꼭보세요  ,0
미션임파서블이 중에서 연대급으로 짜릿하게 본 영화. 톰크루즈는 역시 톰크루즈다.  ,0
그냥 미쳤다 ㄹㅇ 뭐하나 빠지는게 없음  ,0
"시리즈 최고의 작품. 시리즈를 관통하는 액션, 내용과 감정까지! 톰이 전 세계 최고의 배우이자 스타인이유.  ",0
톰크루즈 짱짱 넘재밋ㅎㅎ  ,0
스릴굿호호홓헤헤헤ㅇㅋㅋ  ,1
확실히 프랜차이즈 영화중 몇 안되는 제대로 된 시리즈인건 맞는듯.  ,0
끝내줍니다 홍콩갑니다 와윰  ,1
인생 최고 액션영화..  ,0
와....반전....스릴 넘쳐욬ㅋㅋㅋㅋ강추합니다~  ,0
말이 필요없다 보면안다  ,1
최고... 최고에요... 정말 쵝오  ,0
한번더 보고 싶다두시간이 너무 짧았어요  ,0
액션씬이 감동 그자체다  ,0
오랜 만에 무지 재미있는 영화를 봤습니다. 주인공들 모두 매력넘치구요. 액션도 멋지네요..  ,1
시간가는줄도 모르고  넘재미있게 봤어요~  ,1
이것이 액션이다!!!  ,0
러닝타임동안 계속 긴장하면서 봤어요~^^ 재밌어요~  ,1
무슨 말이 필요하리.. 역대 미션 시리즈중 최고다!  ,0
끝내주는 액션 강추합니다^^  ,1
시리즈중 최고임ㅠㅠㅠ  ,0
진짜 현 시점 극장 상영 영화 중 최고  ,1
역시 믿고보는배우 탐형님  ,0
본 시리즈와는 다른 톰크루즈 액션  ,1
과연 후속작이 나올 수 있을까...톰크루즈의 대단한 액션에 후속작이 걱정된다...영화는 강추  ,0
재밋으요 톰그루즈 짜이엥ㅎ  ,1
액션 톰 최고입니다!!  ,0
마지막쯤 액션은 정말 잊혀지지 않네요 숨죽이면서 봣음..  ,0
cgv4D 5:30분꺼 보고 커피숖이드 진심 팩트만쓴다1.꼭 4강추(막판 헬기장면)2.처음 오프닝 때 소름3.제발 인랑 이따구 영화랑 비교하지마라 . 비교자체가 너무 높다  ,0
액션 엄청 좋아해서 꿀잼이였움!! ㅇㅅ  ,1
너무나도  환상적인 영화입니다.  ,0
액션 대박 보는내내 쫄렸어요  ,1
믿고 보는 톰크루즈~~  ,1
톰형 안늙었으면 좋겠다.. 미션임파서블15까지 찍고 냉동인간으로 만든다음에 20년뒤에 다시 시리즈 시작하게만들고싶다...  ,0
아주 잘만든 영화네요각본과 각색도 잘했고 긴박감 넘치는 영화입니다톰크루즈 아저씨도 마이 늙었지만 아직까지 잘하네요  ,1
톰 크루즈 너무 열일해서 안쓰럽다 진짜.  ,1
최초 시사회로 봤는데 정말 톰 크루즈 대단하더라. 임파서불 시리즈로 오래봤으면 좋겠음.  ,0
최고입니다 역대급임 또 보러 갈 거임  ,1
건물 점프하다 다리부러지고도 절뚝거리면서 컷신끝내는영상보고나서 영화봤더니 건물 점프할때마다 움찔거렸음  ,1
액션진짜 오진다 ..너무 멋잇고 시간가는줄 모름 ㅜㅜ  ,1
진짜 돈이 아깝지 않았어요!!  ,0
역시 갓 톰크루즈 입니다  인랑보다 임파서블 보시오 보시면 왜 갓톰형님인지 아시게 됩니다  ,0
시사회에서 봤는데 지렸습니다...  ,0
와...ㄹㅇ실화냐?  ,0
오프닝 음악 나올 때 온몸에 소름이 돋음  ,1
재밌었어요 역시 탐크루즈!!  ,1
평점 처음 달만큼 시간 아까운줄 모르고 다시 한번 톰크루즈의 위대함을 알려주는 영화  ,0
  역대 스토리중 최고... 3시간동안 1도 안지루함  ,0
역대급이다... 시간 가는줄 몰랐다. 대박이다. 헤어진 와이프 나오는 장면도 참 아련하고 일사와 러브라인도 멋지고 씨리즈중 최고의 미션임파서블 이였다. 말이 필요없다 톰형 최고다 최고  ,0
역시 바이크 추격신 지린다  전세계 배우중에 바이크  젤 타는 배우  ,0
톰 오라버니 인생작 갱신  ,0
슈퍼맨 개찐따 됐노ㅋㅋㅋ  ,1
진짜 재밌어요!!! 집가서 미션 임파서블 시리즈 다 봐야지 꺄아  ,0
미션임파서블은 무조건 재밌자나.  ,1
지류할 큼이 없는 영화 최고 처ㅣ고  ,1
추격씬이 가득한 액션영화의 진수 강추에요!  ,1
막 보고 나왔는데 꿀잼입니다 여름에 시원하게 보시면 될듯~~~ 생각하고 볼영화는 아님 ㅎ  ,1
끝까지 긴장감있게 봤다 역시 톰 크루즈  ,1
재밌습니다. 액션 짱이네요  ,1
이 영화는 평점 평균이 9.3은 되어야 한다지치고 힘들때 뽕이 될만한 영화이며 시리즈중 역작이다도입부의 메인테마 OST는 단연 최고 ㅎㅎ  ,0
"뭐라고 칭찬해야할지 모르겠다 톰형의 액션과 연기는 여전한게 아니라 더 발전한것 같고 사이먼 페그 등과의 케미는 최강이다.액션장면은 4, 5편보다 화려해졌고, 중간중간에 웃을수 밖에 없는 장면들도 너무 좋다.솔직히 두번씩 봐줍시다 여러분들  ",0
시리즈 중 최고. 전작 몰라도 상관없음  ,0
시리즈물이 점점 갈수록 더 재밌어지기 어려운데...  ,1
어제 보고 왔습니다. 톰 크루즈의 열정이 느껴짐 근데 극한 상황에서 연기하는 모습보고 박수칠뻔....스토리도 핵 짱짱합니다. 꼭 보세요  ,0
믿고보는 톰 아저씨! 재밌습니다  ,1
쉬는타임이 없습니다.  액션영화의 기본에 충실한 영화  ,0
대단한 시리즈. 7편이 기대됨  ,0
이건 그냥 톰크루즈에 의한 톰 크루즈를 위한 영화두  ,1
안보면 후회합니다 꼭 보세요  ,0
따뜻한 마음을 가진 누군가가 인류를 위해 애쓰고 있다는 믿음을 갖게한 영화  ,1
진짜 왠만해서 네이버 평점 안쓰는데 완전 재밌어요역시 액션은 임파서블..!!영화관 월래 추운데 영화가 흥미진진해서 더웠음 ㅋㅋ  ,0
처음부터 끝까지 기대하고 간 보람이 있습니다. 다음편도 기대합니다.  ,1
배신없는 부응하는 작품  ,1
그냥 말이 필요없음 그냥 진리  ,1
진짜 재밌어요 ㅋㅋㅋㅋ 톰형님은 역시 실망을 절대안시키는듯  ,1
IMAX 로 보세요 끝내 줍니다 톰 크루즈 최고  ~ 인랑? ㅎㅎㅎ 보지마세요  ,0
이제는 첩보액션의 원탑  ,0
존경스럽다....톰크루즈형님  ,0
역시~~ 기대를 저버리지 않았다!!!  ,0
톰형님 건강유지해서 다음편도봤음좋긋다. 일사도같이  ,0
와 액션.. 존경합니다  ,1
찜통 더위를  잊게  만드는 션한 액선~  ,1
톰 형 환갑 전에 두편만 더 찍자.  ,0
역시 명불허전이네요 톰크루즈 짱 ㅠㅠ 나이먹어도 액션연기 완벽소화!!  ,0
최고입니다 1초도 지루함이없이  ,0
역시는 역시!!  개쩜 ㅋ  ,0
"스토리, 연출, 액션, 파리에서의 오토바이씬등 모든 게 완벽합니다. 미션임파서블7 기대합니다!  ",0
말이필요하냐jQuery22404637801156445873_1532540470399ㅋㅋㅋ  이번에  액션신  그냥 작정했네...탐형  맞을때  내가  다 아프네....형  이제  몸 사리면서 미션찍어요... 진짜  대역써요....  ,0
흥미진진하고 스릴 넘치는 영화였어요 스트레스 한방에 싹싹...  ,1
최고다 꼭보세요 강추 ㅎ  ,0
역대급이다. 꼭 봐라 10자란다  ,0
너무재밌어요 강추 합니다  ,0
영화가 길고 잼나고..역시 죽지않는다. 평범하겐 100번도 더 죽었을텐데...다이 하드..  ,1
007에는 스카이폴이 있다면 미션 임파서블에는 폴아웃이 시리즈에 정점을 찍는다  ,0
진짜 최고!!! 올해 가장 재미있게 본 영화~!!  ,1
끝날때까지 숨이 막혔다  ,0
올해본 영화중 최고인것 같음  ,1
말이 필요없는 시리즈! 최고입니다  ,1
"일단, 역시 라는 말이 나오는 영화입니다.  ",1
영화보는 내내 무더위가 확실히 날아가습니다.  끝까지 긴장을 늦추지 마시길~~~  ,1
역시 믿고보는 톰크루즈~  ,1
재미있게 잘 봤습니다^^  ,1
너무 너무 재미있고 시간가는 줄모릅니다 ‥강추  ,1
넘 재밋음 한번더 보고싶다  ,1
벌써부터다음탄이기대되네  ,0
"62년 생 톰크루즈, 리스펙트~!!  ",0
시리즈 완결~~ 상영관에 빈자리가없었는데 아무도없는줄... 집중되서^^  ,1
스릴 있고 긴장감 만땅이었음  ,1
걍 최고다 다 최고다 손발이랑 겨에 땀 많이났다 ㅋㅋㅋ 액션 죽인다진짜  ,0
"오토바이 추격씬 나올 때, 너무 실감나서 기절할 뻔했습니다!  ",0
미쳤어요... 톰 크루즈 사랑해요  ,1
잼꿀쟘 ㅎㅎ 갸꿀잠 추천 ㄱ  ,1
엄마뻘 톰크루즈의  멋진액션!!!심장이 쫄깃쫄깃최고였어요!!!  ,0
"박진감×박진감, 굿.  ",1
대단하다는 말밖엔...  ,0
미션임파서블 톰형=끝  ,0
어쩜 이제 질릴법도 한데 갈수록 재밌냐 ㅜㅜ  ,0
그냥 믿고 보는 톰 크루즈 오라버니  ,0
액션은 최고 긴장감도최고!ㅎㅎ  ,1
믿고 보는 미션임파스블!!!역시나ㅋㅋㅋ결말은  ,1
스케일도 정말 크고 액션도 많고 재밌어요  ,1
와 진짜 미션시리즈중에 역대급 액션이였던거같아요 ㅠㅠㅠ모두들 보세요 ㅠㅠ후회안해요진짜!!  ,0
"임파서블 시리즈 첨봤는데 너어어어무 재밌었다.톰 크루즈 얼굴보고 계속 충격먹고,,,, 어떻게 저리도 잘생겼을까,,,  ",0
57세임이 믿기지 않는 액션 장인 톰크루즈! 그 많은아찔한 장면들을 스턴트없이 찍었다니..보면서 대단해 대단하다..생각이 절로 든다. 다치지말고 건강하게  이 시리즈 계속 해줘요  ,0
탐형님 ㅠㅠ 최고요ㅕ 날 가져요 엉어엉ㅇ  ,1
역시 믿고보는 톰크루즈표 액션.. 저런 월드 톱스타들을 불러다가 SBS 런닝맨에서 그따위 유치한 저질게임이나 시키다니..  ,0
즐기는자에겐  나이는 숫자에 불가여억시  타암 굳  ,0
안늙나...? 헬리콥터 씬이 CG가 아니라는게 더 소름 영화두번봣는데 돈은 안아깝당ㅋㅋ  ,1
정말  극장비 3만원 받아도 안아까울 영화였다  ,0
신과 함께 같은 것 두 편 보느니 이 영화 바이크 씬 십 분 보는게 낫다 ㅋㅋ  ,0
미션임파서블이 이렇게 구릴수도 있구나대사 구리고 영화 늘어지고 너무 실망함영화보다 잤다 대체 뭔 생각으로 이렇게 망쳐논거냐ㅋ  ,0
부족한 점이 조금 보이지만 다른 면에서 15점을 줄 수 있다 톰 크루즈는 짱이었다 여전히 최고  ,0
톰 크루즈 진짜 사랑함...  ,0
목숨걸고 찍어 10점을 줄수밖에 없음... 너무 재미지네요ㅜㅜ  ,1
미션임파서블 전편 중 제일 재밌음. 원래 만원 주고 영화 보면 거의 돈 아까운 게 많아서 조조로 많이 보는데 이건 만원 주고 봤지만 돈 안 아까웠음. 그리고 상영시간 안 보고 갔는데 영화 끝나고 시간 보고 깜짝 놀람. 시간 가는줄 모르고 재밌게 봤음~  ,0
개쩔었음 레알루다가요  ,0
톰 아저씨의 열정과 헌신에 박수를  ,0
액션 중에 숨을 못쉬겠디  ,1
역시믿음을 져버리지않았다  ,1
톰크루즈의 액션을 보는것만으로 10점은 깔고 시작하자  ,0
잘봤어요 최고!ㅎㅎㅎ  ,0
2시간   영화값 비용 톡톡히 하는 재미! 톰 크루즈는 미션임파서블 시리즈를 위해 태어난 사람이고 미션임파서블은 톰 크루즈를 위해 만들어진 영화이다  ,1
믿고보는 탐형. 마음껏 기대를 해도 기대이상이다.  ,0
"알바가 필요없는 평점일듯^^진짜 예술이다액션,시나리오,배경 ㅎㅎ 대박!!꼭 보신길~~강추~~!!  ",0
액션장르중 나의 인생영화!!!  ,0
아 탐크루즈 멋지다정말 멋진배우 저렇게 나이먹고싶다  ,0
오랜만에 진짜 미션 임파서블 같았다  ,0
톰형은 나이가 거꾸로 잡수시나...오랜만에 시원한 영화 즐거웠습니다  ,0
장관이네요 절경이구요  ,0
역시 믿보 톰아재! 완전 진심 강추합니다!!  ,1
영화에 깐깐한 제 친구도 재밌게 봤어요 액션장면이며 박진감 하나는 !!!  ,0
방금 보고왔어요시간이 언제 지났는지도 모를만큼 굉장했어요!탐 크루즈 최고!!  ,0
와우 이 영화는 한마디로 4글자로 표현하자면 미친 액션 정말 짜릿하고 값진 영화였습니다.  ,0
짱잼 졸잼 굳굳 꼭보시길  ,1
회가 거듭할수록  재미나네요스케일도 화려해지고 액션씬도 대담해지고 세월이 흘러도 톰크루는 제자리에있는듯~~  ,0
이름 값 하는 영화. 꿀잼입니다!  ,1
고민할필요없이 봐야하는ㅇ영화  ,1
스토리도 탄탄하고 액션도 멋지다  ,0
스케일이너무도좋아요  ,1
명불허전 개꿀잼꿀잼ㅎㅎㅎㅎ  ,1
오랜만에 영화봤는데 재밌음  ,0
재미있어요~~~한번보세요  ,1
잘봤어요ㅎㅎㅈㅐ밌네요  ,1
더운여름 시원함을 보여주는 영화  ,1
두번 세번 보세요 !!!  ,0
딱히 막 재밌는것까지는 아님 액션은 충분히 볼만한데 스토리가...;하... 영화 끝나고 주변사람들이 살짝졸았다고 함 개인적으로 이감독 로그네이션도 그렇고 영화잘못살림....미션은 고스트프로토콜이후로 하락이다....  ,0
액션은 멋있는데 내용이 왜케 어려움 ㅡㅋ이해력이 딸리나봐요  ,0
처음부터 끝까지 긴장의 연속 대박!!!  ,1
이러니 탐형님을 사랑할수 밖에요  ,0
어디까지가 진짜고 어디까지가 CG인지 모르겠더라 숨 참고 봤다 역시 믿고 보는 미션 임파서블  ,0
액션은 역대시리즈중 최고!  ,0
오늘 문화의날이라 9시꺼 5천원에 득템! 당근 폴아웃 선택!!  ,0
"몸사리지 않는 액션, 감동 모두 좋았어요  ",0
역시 실망시키지 안았습니다.기다린 보람 확실히 느꼈습니다.  ,1
이번기회에 시리즈 정주행각!! 재미있게 잘 봤습니당~~  ,1
진짜 재밌음 톰 크루즈 연기도 좋고  ,0
로그인해서 평점쓰는거 진짜 귀찮은데 그걸 가능하게 만드는 영화다 개대박  ,0
돈값하는 영화입니다.  ,0
스릴 넘칩니당 재밌네뇨  ,1
재미없고 졸려요 재미없고 졸려요  ,0
미쳣음진짜 꼭봐여함....  ,0
너무 기대했나보다...  ,1
재밌어요 톰크루즈 잘생겼다  ,1
역싀 믿고보는 톰 아저씨  ,1
평점이 높은데는 다 이유가 있음 정말  ,0
내일 한번 더 보려고 예매했다  ,1
영화 진짜 잼있게 봤어요  ,1
역대 시리즈중 최고 간만에 돈 안아까운영화  ,0
1~5편과 다르게 긴설명부분으로 초반에는 조금 복잡하고 어수선한 분위기 액션부분은 명불허전 톰형 몸좀사리시길.. MIF 팀 완성형됐음 에단 전부인에게서 자책감을 떨쳐버렸고 일사와 썸 기대해봄 톰형 나이가 있어 3년안에 MIF완성팀으로 7탄나올것같음  ,0
스피디한 전개로 한순간도 눈을 뗄수없는 긴장감으로 보는내내 손에 땀을 쥐게한 역대 최고의 시리즈물이다  ,1
미안 요한슨 누나...난 '화이트' 위도우가 더 좋아졌어....  ,0
이런 영화는 꼭 극장서 봐줘야함..짜릿하고 스릴 넘치는 액션장면 쵝오!!  ,0
믿고보는 미션....톰아저씨 나이가 무색할만큼  열정이 대단하심~~  ,1
입열고 영화본건 첨인듯  ,0
와...액션 와...탐크루즈 와....추격씬 헬기씬 와...진짜 최고다 절로 감탄사가 터지더라 심야에 몇없는 관객끼리 맘껏 감탄하며 브금따라부르며 봤다 액션 지리고 시리즈중 에단의 인간적인 모습이 가장 많이 비치지않았나싶다 유머코드도.피식피식 자주터짐  ,0
결말이 예측이 되지만 불후의 명작.  ,0
완전 잼있지는 않고 그냥저냥 볼만함  ,1
"톰아재가 나오면 믿고 봅니다~다 재밌어요~ 영화보면서 아재 늙지 말았으면..했어요. 여주인공도 볼매~~~미션임파서블이여, 영원하라!  ",1
잠시도 눈을 뗄수가 없는 영화!  ,1
믿고 보는 영화. 긴 시간이 전혀 지루하지않음  ,1
재미있어요 추천합니다  ,0
재미있어요 역시 탐오빠!  ,1
.톰크루즈 이제는 세월이 흘렀네요..  ,1
역시 톰크루즈 엄청 잘뛰어  ,1
역대 미션임파서블 시리즈 중에서 가장 큰 규모 ㄷㄷ 제가 원래 영화를 보면 잠깐 조는데 이건 졸 틈도 없이 지루하지도 않고 소름과 반전의 연속으로 박진감 넘치는 영화라고 말할 수 있어요! 강추합니다.  ,0
톰형이 다치지 않고 오래오래 찍어주셨으면 하는 바람  ,1
아 정말 너무재밌어요 ㅋㅋ  ,1
20OOO 최고의 영화가. 앞 뒤 맞게 쭉쭉 이어지는 전개와 적정 시점에 터지는 육탄 액션... 신과 함끼 같은 끄레기 영화 로비에 밀려 상영관 수 줄어든게 아쉽다.  ,0
"파리의 모습을 보면서 벌어지는 액션이 정말 재미 있어요. 나중에 알았는데, 마지막 헬기 장면은 직접 톰크루즈가 직접 운전한거라고 하네요..  ",1
볼만한 영화가 신과함께2 따위때문에 일주일만에 자리를 내준.. 롯데 대단하다.  ,0
솔직히 최근 본 액션영화중 가장 재밌고 스릴넘쳤습니다. 액션영화는 스토리가 대부분 뻔해서 스토리가 어떠냐보다는 그 뻔한 스토리를 어떻게 스릴넘치게 이끌어가냐가 중요한 것같은데 아주 스릴넘치게 잘 이끈듯 합니다.  ,0
아날로그액션 블록버스터 어떻게 찍었는지 신기함 상영관이 많이 없어 피크시간때 다 매진이라 멀리까지가서 봤는데 후회없음 시내 추격전이 개인적으로 너무 신났음 회전교차로 역주행하는데 쫄깃쫄깃  ,0
모든 액션씬을 입벌리면서 봤움!!ㅠㅠ 부모님한테도 이거 추천드렸는데 진짜 재밌게 보고오셨고 톰크루즈 리얼액션 보고싶으신 분들 꼭보세요! 안지루함!  ,1
